<?xml version="1.0" encoding="UTF-8" standalone="yes"?>
<addon id="plugin.program.HexWiz" name="[COLOR limegreen]Hex[/COLOR]Wiz" version="1.0" provider-name="hexacus">
    <requires>
        <import addon="xbmc.python" version="2.1.0" />
        <import addon="script.module.requests" />
        <import addon="script.module.six" />
        <import addon="script.kodi.android.update" optional="true" version="1.1.7" />
        <import addon="script.speedtester" optional="true" version="1.1.2" />
    </requires>
    
    <extension point="xbmc.python.pluginsource" library="default.py">
        <provides>executable</provides>
    </extension>
    
    <extension point="xbmc.service" library="startup.py" start="startup" />
    
    <extension point="xbmc.addon.metadata">
        <summary lang="en">[COLOR limegreen]Hex[/COLOR]Wiz</summary>
        <description lang="en">[COLOR limegreen]Hex[/COLOR]Wiz is a wizard im experimenting with to install my builds</description>
        <platform>all</platform>
        <reuselanguageinvoker>false</reuselanguageinvoker>
        <source>hhttps://www.github.com/hexacus/plugin.program.HexWiz/</source>
        <assets>
            <icon>icon.png</icon>
            <fanart>fanart.png</fanart>
        </assets>
    </extension>
</addon>
