<?xml version="1.0" encoding="UTF-8" standalone="yes"?>
<addon id="repository.hexapository" name="[B]hexapository[/B]" version="1.0" provider-name="hexacus">
    <extension point="xbmc.addon.repository" name="[B]hexapository[/B]">
        <dir>
            <info compressed="false">https://raw.githubusercontent.com/hexacus/repository.hexapository/master/repo/zips/addons.xml</info>
            <checksum>https://raw.githubusercontent.com/hexacus/repository.hexapository/master/repo/zips/addons.xml.md5</checksum>
            <datadir zip="true">https://raw.githubusercontent.com/hexacus/repository.hexapository/master/repo/zips/</datadir>
        </dir>
    </extension>
    <extension point="xbmc.addon.metadata">
        <summary>[B]hexapository[/B]</summary>
        <description>Home of [B]hex[/B]wiz</description>
        <disclaimer></disclaimer>
        <platform>all</platform>
        <assets>
            <icon>icon.png</icon>
            <fanart>fanart.jpg</fanart>
        </assets>
    </extension>
</addon>